id,palavra,traducao,pronuncia
1,a,a,"/æɪ/"
2,abandon,abandonar,"/əˈbæn.dən/"
3,ability,capacidade,"/əˈ.bɪl.ɪ.ti/"
4,able,capaz,"/ˈeɪ.bl̩/"
5,abortion,aborto,"/əˈbɔɹ.ʃn̩/"
6,about,sobre,"/əˈbɛʊt/"
7,above,acima,"/əˈbʌv/"
8,abroad,"no estrangeiro","/əˈbɹɔːd/"
9,absence,"ausência","/ˈæb.s(ə)n̩s/"
10,absolute,absoluto,"/ˈæb.səˌljuːt/"
11,absolutely,absolutamente,"/æb.səˈl(j)uːt.lɪ/"
12,absorb,absorver,"/əbˈsɔːb/"
13,abuse,abuso,"/əˈbjuːs/"
14,academic,"académico","/ˌækəˈdɛmɪk/"
15,accept,aceitar,"/ækˈsɛpt/"
16,access,acesso,"/ˈæksɛs/"
17,accident,acidente,"/ˈæk.sə.dənt/"
18,accompany,acompanhar,"/ə.ˈkʌm.pə.ni/"
19,accomplish,realizar,"/əˈkɐm.plɪʃ/"
20,according,"de acordo com","/əˈkɔːdɪŋ/"
21,account,conta,"/ə.ˈkaʊnt/"
22,accurate,exato,"/ˈæk.jə.ɹɪt/"
23,accuse,acusar,"/əˈkjuːz/"
24,achieve,"alcançar","/əˈtʃiːv/"
25,achievement,"realização","/əˈtʃiːvmənt/"
26,acid,"ácido","/ˈæs.ɪd/"
27,acknowledge,reconhecer,"/əkˈnɒ.lɪdʒ/"
28,acquire,adquirir,"/əˈkwaɪə/"
29,across,transversalmente,"/əˈkɹɑs/"
30,act,ato,""
31,action,"ação",""
32,active,ativo,""
33,activist,ativista,""
34,activity,atividade,""
35,actor,ator,""
36,actress,atriz,""
37,actual,atual,""
38,actually,"de facto",""
39,ad,"anúncio",""
40,adapt,adaptar,""
41,add,adicionar,""
42,addition,"adição",""
43,additional,adicionais,""
44,address,"endereço",""
45,adequate,adequado,""
46,adjust,ajustar,""
47,adjustment,ajustamento,""
48,administration,"administração",""
49,administrator,administrador,""
50,admire,admirar,""
51,admission,"admissão",""
52,admit,admitir,""
53,adolescent,adolescente,""
54,adopt,adotar,""
55,adult,adulto,""
56,advance,"avanço",""
57,advanced,"avançado",""
58,advantage,vantagem,""
59,adventure,aventura,""
60,advertising,publicidade,""
61,advice,aconselhamento,""
62,advise,aconselhar,""
63,adviser,conselheiro,""
64,advocate,defensor,""
65,affair,caso,""
66,affect,afetar,""
67,afford,pagar,""
68,afraid,"com medo",""
69,African,Africano,""
70,African-American,Afro-americano,""
71,after,"após",""
72,afternoon,tarde,""
73,again,novamente,""
74,against,contra,""
75,age,idade,""
76,agency,"agência",""
77,agenda,agenda,""
78,agent,agente,""
79,aggressive,agressivo,""
80,ago,"atrás",""
81,agree,concordar,""
82,agreement,acordo,""
83,agricultural,agricultural,""
84,ah,ah,""
85,ahead,adiante,""
86,aid,ajuda,""
87,aide,ajudante,""
88,AIDS,SIDA,""
89,aim,objetivo,""
90,air,ar,""
91,aircraft,"avião",""
92,airline,"companhia aérea",""
93,airport,aeroporto,""
94,album,"álbum",""
95,alcohol,"álcool",""
96,alive,vivo,""
97,all,todos,""
98,alliance,"aliança",""
99,allow,permitir,""
100,ally,aliado,""
101,almost,quase,""
102,alone,sozinho,""
103,along,"ao longo",""
104,already,"já",""
105,also,"também",""
106,alter,idade,""
107,alternative,alternativo,""
108,although,embora,""
109,always,sempre,""
110,AM,AM,""
111,amazing,"fantástico",""
112,American,americano,""
113,among,entre,""
114,amount,montante,""
115,analysis,"análise",""
116,analyst,analista,""
117,analyze,analisar,""
118,ancient,antigo,""
119,and,e,""
120,anger,remorso,""
121,angle,"ângulo",""
122,angry,zangado,""
123,animal,animal,""
124,anniversary,"aniversário",""
125,announce,anunciar,""
126,annual,anual,""
127,another,outro,""
128,answer,resposta,""
129,anticipate,antecipar,""
130,anxiety,ansiedade,""
131,any,qualquer,""
132,anybody,"qualquer pessoa",""
133,anymore,mais,""
134,anyone,"qualquer um",""
135,anything,"qualquer coisa",""
136,anyway,"de qualquer forma",""
137,anywhere,"em qualquer lugar",""
138,apart,"à parte",""
139,apartment,apartamento,""
140,apparent,aparente,""
141,apparently,aparentemente,""
142,appeal,recurso,""
143,appear,aparecer,""
144,appearance,"aparência",""
145,apple,"maçã",""
146,application,"aplicação",""
147,apply,aplicar,""
148,appoint,nomear,""
149,appointment,"nomeação",""
150,appreciate,apreciar,""
151,approach,abordagem,""
152,appropriate,adequado,""
153,approval,"aprovação",""
154,approve,aprovar,""
155,approximately,aproximadamente,""
156,Arab,"Árabe",""
157,architect,arquiteto,""
158,area,"área",""
159,argue,argumentar,""
160,argument,argumento,""
161,arise,"ir para",""
162,arm,"braço",""
163,armed,armado,""
164,army,"exército",""
165,around,"em torno de",""
166,arrange,organizar,""
167,arrangement,acordo,""
168,arrest,"detenção",""
169,arrival,chegada,""
170,arrive,chegar,""
171,art,arte,""
172,article,artigo,""
173,artist,artista,""
174,artistic,"artístico",""
175,as,como,""
176,Asian,"Asiático",""
177,aside,"à parte",""
178,ask,perguntar,""
179,asleep,adormecido,""
180,aspect,aspeto,""
181,assault,assalto,""
182,assert,afirmar,""
183,assess,avaliar,""
184,assessment,"avaliação",""
185,asset,ativo,""
186,assign,atribuir,""
187,assignment,"atribuição",""
188,assist,"assistência",""
189,assistance,"assistência",""
190,assistant,assistente,""
191,associate,associado,""
192,association,"associação",""
193,assume,assumir,""
194,assumption,pressuposto,""
195,assure,assegurar,""
196,at,em,""
197,athlete,atleta,""
198,athletic,"atlético",""
199,atmosphere,atmosfera,""
200,attach,anexar,""
201,attack,ataque,""
202,attempt,tentativa,""
203,attend,assistir,""
204,attention,"atenção",""
205,attitude,atitude,""
206,attorney,advogado,""
207,attract,atrair,""
208,attractive,atrativo,""
209,attribute,atributo,""
210,audience,"público",""
211,author,autor,""
212,authority,autoridade,""
213,auto,"automóvel",""
214,available,"disponível",""
215,average,"média",""
216,avoid,evitar,""
217,award,"prémio",""
218,aware,consciente,""
219,awareness,"sensibilização",""
220,away,longe,""
221,awful,"horrível",""
222,baby,"bebé",""
223,back,voltar,""
224,background,fundo,""
225,bad,mau,""
226,badly,mal,""
227,bag,saco,""
228,bake,assar,""
229,balance,"equilíbrio",""
230,ball,bola,""
231,ban,"proibição","/bæn/"
232,band,banda,"/bænd/"
233,bank,banco,"/bæŋk/"
234,bar,bar,""
235,barely,mal,"/ˈbɛə(ɹ).li/"
236,barrel,barril,""
237,barrier,barreira,"/ˈbæɹi.ə(ɹ)/"
238,base,base,""
239,baseball,basebol,""
240,basic,"básico","/ˈbeɪsɪk/"
241,basically,basicamente,"/ˈbeɪsɪk(ə)li/"
242,basis,base,"/ˈbeɪsɪs/"
243,basket,cesto,"/ˈbaːskət/"
244,basketball,basquetebol,"/ˈbɑːs.kɪt.bɔːl/"
245,bathroom,"casa de banho","/ˈbæθ.ɹuːm/"
246,battery,bateria,"/ˈbætəɹi/"
247,battle,batalha,"/ˈbætəl/"
248,be,ser,""
249,beach,praia,"/biːt͡ʃ/"
250,bean,"feijão","/biːn/"
251,bear,urso,"/bɛə(ɹ)/"
252,beat,bater,"/biːt/"
253,beautiful,bonito,"/ˈbjuːtɪfəl/"
254,beauty,beleza,"/ˈbuːti/"
255,because,porque,""
256,become,tornar-se,"/bəˈkʊm/"
257,bed,cama,""
258,bedroom,quarto,""
259,beer,urso,""
260,before,"antes de","/bɪˈfɔː/"
261,begin,"começar",""
262,beginning,"início",""
263,behavior,comportamento,""
264,behind,"atrás",""
265,being,ser,""
266,belief,"crença",""
267,believe,acreditar,""
268,bell,sino,""
269,belong,pertencer,""
270,below,abaixo,""
271,belt,cinto,""
272,bench,banco,""
273,bend,dobrar,""
274,beneath,abaixo,""
275,benefit,"benefício",""
276,beside,"ao lado",""
277,besides,"além disso",""
278,best,melhor,""
279,bet,aposta,""
280,better,melhor,""
281,between,entre,""
282,beyond,"além",""
283,Bible,"Bíblia",""
284,big,grande,""
285,bike,bicicleta,""
286,bill,fatura,""
287,billion,"mil milhões",""
288,bind,vincular,""
289,biological,"biológico",""
290,bird,ave,""
291,birth,nascimento,""
292,birthday,"aniversário",""
293,bit,bit,""
294,bite,mordida,""
295,black,preto,""
296,blade,folha,""
297,blame,culpa,""
298,blanket,forma,""
299,blind,cego,""
300,block,bloco,""
301,blood,sangue,""
302,blow,sopro,""
303,blue,azul,""
304,board,conselho,""
305,boat,barco,""
306,body,corpo,""
307,bomb,bomba,""
308,bombing,bombardeamento,""
309,bond,"vínculo",""
310,bone,osso,""
311,book,livro,""
312,boom,estrondo,""
313,boot,bota,""
314,border,fronteira,""
315,born,nascido,""
316,borrow,emprestar,""
317,boss,chefe,""
318,both,ambos,""
319,bother,"incómodo",""
320,bottle,garrafa,""
321,bottom,fundo,""
322,boundary,limite,""
323,bowl,tigela,""
324,box,caixa,""
325,boy,rapaz,""
326,boyfriend,namorado,""
327,brain,"cérebro",""
328,branch,ramo,""
329,brand,brand,""
330,bread,"pão",""
331,break,pausa,""
332,breakfast,"pequeno-almoço",""
333,breast,peito,""
334,breath,"respiração",""
335,breathe,respirar,""
336,brick,tijolo,""
337,bridge,ponte,""
338,brief,breve,""
339,briefly,brevemente,""
340,bright,brilhante,""
341,brilliant,brilhante,""
342,bring,trazer,""
343,British,"Britânico",""
344,broad,amplo,""
345,broken,quebrado,""
346,brother,"irmão",""
347,brown,castanho,""
348,brush,escova,""
349,buck,dobrar,""
350,budget,"orçamento",""
351,build,construir,""
352,building,"edifício",""
353,bullet,bala,""
354,bunch,grupo,""
355,burden,Fardo,""
356,burn,queimar,""
357,bury,enterrar,""
358,bus,autocarro,""
359,business,comercial,""
360,busy,ocupado,""
361,but,mas,""
362,butter,manteiga,""
363,button,"botão",""
364,buy,comprar,""
365,buyer,comprador,""
366,by,por,""
367,cabin,cabina,""
368,cabinet,"armário",""
369,cable,cabo,""
370,cake,bolo,""
371,calculate,calcular,""
372,call,chamada,""
373,camera,"câmara",""
374,camp,acampamento,""
375,campaign,campanha,""
376,campus,campus,""
377,can,pode,""
378,Canadian,Canadiano,""
379,cancer,cancro,""
380,candidate,candidato,""
381,cap,tampa,""
382,capability,capacidade,""
383,capable,capaz,""
384,capacity,capacidade,""
385,capital,capital,""
386,captain,"capitão",""
387,capture,captura,""
388,car,"automóvel",""
389,carbon,carbono,""
390,card,"cartão",""
391,care,cuidados,""
392,career,carreira,""
393,careful,cuidadoso,""
394,carefully,cuidadosamente,""
395,carrier,transportadora,""
396,carry,transportar,""
397,case,caso,""
398,cash,dinheiro,""
399,cast,elenco,""
400,cat,gato,""
401,catch,captura,""
402,category,categoria,""
403,Catholic,"Católico",""
404,cause,causa,""
405,ceiling,teto,""
406,celebrate,celebrar,""
407,celebration,"celebração",""
408,celebrity,celebridade,""
409,cell,"célula",""
410,center,centro,""
411,central,central,""
412,century,"século",""
413,CEO,"DIRECTOR EXECUTIVO",""
414,ceremony,"cerimónia",""
415,certain,certo,""
416,certainly,certamente,""
417,chain,cadeia,""
418,chair,cadeira,""
419,chairman,presidente,""
420,challenge,desafio,""
421,chamber,"câmara",""
422,champion,"campeão",""
423,championship,campeonato,""
424,chance,oportunidade,""
425,change,"mudança",""
426,changing,"mutável",""
427,channel,canal,""
428,chapter,"capítulo",""
429,character,"carácter",""
430,characteristic,"caraterística",""
431,characterize,caraterizar,""
432,charge,carga,""
433,charity,caridade,""
434,chart,"gráfico",""
435,chase,"perseguição",""
436,cheap,barato,""
437,check,controlo,""
438,cheek,bochecha,""
439,cheese,queijo,""
440,chef,cozinheiro,""
441,chemical,"química",""
442,chest,peito,""
443,chicken,galinha,""
444,chief,chefe,""
445,child,"criança",""
446,childhood,"infância",""
447,Chinese,"Chinês",""
448,chip,chip,""
449,chocolate,chocolate,""
450,choice,escolha,""
451,cholesterol,colesterol,"/kəˈlɛstəɹɒl/"
452,choose,escolher,"/t͡ʃuːz/"
453,Christian,"cristão",""
454,Christmas,Natal,""
455,church,igreja,"/t͡ʃɜːt͡ʃ/"
456,cigarette,cigarro,"/sɪ.ɡəˈɹɛt/"
457,circle,"círculo","/ˈsɜɹkəl/"
458,circumstance,"circunstância","/-æns/"
459,cite,citar,"/saɪt/"
460,citizen,"cidadão","/ˈsɪtɪzən/"
461,city,cidade,"/sɪtɪ/"
462,civil,civil,"/ˈsɪv.əl/"
463,civilian,civil,"/sɪˈvɪljən/"
464,claim,"reclamação","/kleɪm/"
465,class,classe,""
466,classic,"clássico","/ˈklæ.sɪk/"
467,classroom,"sala de aula","/ˈklɑːsɹʊm/"
468,clean,limpo,""
469,clear,claro,"/klɪə(ɹ)/"
470,clearly,claramente,"/ˈkliːɹli/"
471,client,cliente,""
472,climate,clima,""
473,climb,subir,""
474,clinic,"clínica",""
475,clinical,"clínico",""
476,clock,"relógio",""
477,close,fechar,""
478,closely,"de perto",""
479,closer,"mais próximo",""
480,clothes,roupas,""
481,clothing,"vestuário",""
482,cloud,nuvem,""
483,club,clube,""
484,clue,clue,""
485,cluster,agrupamento,""
486,coach,treinador,""
487,coal,"carvão",""
488,coalition,"coligação",""
489,coast,costa,""
490,coat,casaco,""
491,code,"código",""
492,coffee,"café",""
493,cognitive,cognitivo,""
494,cold,frio,""
495,collapse,colapso,""
496,colleague,colega,""
497,collect,recolher,""
498,collection,"coleção",""
499,collective,coletivo,""
500,college,faculdade,""
501,colonial,colonial,""
502,color,cor,""
503,column,coluna,""
504,combination,"combinação",""
505,combine,combinar,""
506,come,vir,""
507,comedy,"comédia",""
508,comfort,conforto,""
509,comfortable,"confortável",""
510,command,comando,""
511,commander,comandante,""
512,comment,como,""
513,commercial,comercial,""
514,commission,"comissão",""
515,commit,comprometer-se,""
516,commitment,compromisso,""
517,committee,"comité",""
518,common,comum,""
519,communicate,comunicar,""
520,communication,"comunicação",""
521,community,comunidade,""
522,company,empresa,""
523,compare,comparar,""
524,comparison,"comparação",""
525,compete,competir,""
526,competition,"concorrência",""
527,competitive,competitivo,""
528,competitor,concorrente,""
529,complain,queixar-se,""
530,complaint,"reclamação",""
531,complete,completo,""
532,completely,completamente,""
533,complex,complexo,""
534,complicated,complicado,""
535,component,componente,""
536,compose,compor,""
537,composition,"composição",""
538,comprehensive,abrangente,""
539,computer,computador,""
540,concentrate,concentrate,""
541,concentration,"concentração",""
542,concept,conceito,""
543,concern,"preocupação",""
544,concerned,"em causa",""
545,concert,concerto,""
546,conclude,concluir,""
547,conclusion,"conclusão",""
548,concrete,concreto,""
549,condition,"condição",""
550,conduct,conduta,""
551,conference,"conferência",""
552,confidence,"confiança",""
553,confident,confiante,""
554,confirm,confirmar,""
555,conflict,conflito,""
556,confront,confrontar,""
557,confusion,"confusão",""
558,Congress,Congresso,""
559,congressional,congressista,""
560,connect,ligar,""
561,connection,"ligação",""
562,consciousness,"consciência",""
563,consensus,consenso,""
564,consequence,"consequência",""
565,conservative,conservador,""
566,consider,considerar,""
567,considerable,"considerável",""
568,consideration,"consideração",""
569,consist,consistir,""
570,consistent,coerente,""
571,constant,constante,""
572,constantly,constantemente,""
573,constitute,constituir,""
574,constitutional,constitucional,""
575,construct,construir,""
576,construction,"construção",""
577,consultant,consultant,""
578,consume,consumir,""
579,consumer,consumidor,""
580,consumption,consumo,""
581,contact,contacto,""
582,contain,conter,""
583,container,contentor,""
584,contemporary,"contemporâneo",""
585,content,"conteúdo",""
586,contest,contest,""
587,context,contexto,""
588,continue,continuar,""
589,continued,continuado,""
590,contract,contrato,""
591,contrast,contraste,""
592,contribute,contribuir,""
593,contribution,"contribuição",""
594,control,controlo,""
595,controversial,"polémico",""
596,controversy,"polémica",""
597,convention,"convenção",""
598,conventional,convencional,""
599,conversation,conversa,""
600,convert,converter,""
601,conviction,"condenação",""
602,convince,convencer,""
603,cook,cozinheiro,""
604,cookie,biscoito,""
605,cooking,"culinária",""
606,cool,fixe,""
607,cooperation,"cooperação",""
608,cop,"polícia",""
609,cope,lidar,""
610,copy,"cópia",""
611,core,"núcleo",""
612,corn,milho,""
613,corner,canto,""
614,corporate,empresarial,""
615,corporation,empresa,""
616,correct,correto,""
617,correspondent,correspondent,""
618,cost,custo,""
619,cotton,"algodão",""
620,couch,"sofá",""
621,could,poderia,""
622,council,conselho,""
623,counselor,conselheiro,""
624,count,contagem,""
625,counter,contador,""
626,country,"país",""
627,county,concelho,""
628,couple,casal,""
629,courage,coragem,""
630,course,corrida,""
631,court,tribunal,""
632,cousin,primo,""
633,cover,cobertura,""
634,coverage,cobertura,""
635,cow,vaca,""
636,crack,fenda,""
637,craft,artesanato,""
638,crash,"colisão",""
639,crazy,louco,""
640,cream,creme,""
641,create,criar,""
642,creation,"criação",""
643,creative,criativo,""
644,creature,criatura,""
645,credit,"crédito",""
646,crew,"tripulação",""
647,crime,crime,""
648,criminal,criminoso,""
649,crisis,crise,""
650,criteria,"critérios",""
651,critic,"crítica",""
652,critical,"crítico",""
653,criticism,"críticas",""
654,criticize,criticar,""
655,crop,colheita,""
656,cross,cruz,""
657,crowd,"multidão",""
658,crucial,crucial,""
659,cry,chorar,""
660,cultural,cultural,""
661,culture,cultura,""
662,cup,"chávena",""
663,curious,curioso,""
664,current,atual,""
665,currently,atualmente,""
666,curriculum,"currículo",""
667,custom,personalizado,""
668,customer,cliente,""
669,cut,cortar,""
670,cycle,ciclo,""
671,dad,pai,""
672,daily,"diário",""
673,damage,danos,""
674,dance,"dança",""
675,danger,perigo,""
676,dangerous,perigoso,""
677,dare,ousar,""
678,dark,escuro,""
679,darkness,"escuridão",""
680,data,dados,""
681,date,data,"/deɪt/"
682,daughter,filha,"/ˈdɑ.tɚ/"
683,day,dia,"/deɪ/"
684,dead,morto,"/diːd/"
685,deal,"negócio","/diːl/"
686,dealer,comerciante,"/ˈdiːlə(ɹ)/"
687,dear,querido,"/diːɹ/"
688,death,morte,"/diːθ/"
689,debate,debate,"/dɪˈbeɪt/"
690,debt,"dívida","/dɛt/"
691,decade,"década","/dəˈkeɪd/"
692,decide,decide,"/dɪˈsaɪd/"
693,decision,"decisão",""
694,deck,"convés","/dɛk/"
695,declare,declarar,""
696,decline,"declínio","/dɪˈklaɪn/"
697,decrease,diminuir,"pronunciation not found"
698,deep,profundo,"/diːp/"
699,deeply,profundamente,"/ˈdiːpli/"
700,deer,veado,"/diːɹ/"
701,defeat,derrota,""
702,defend,defender,""
703,defendant,arguido,""
704,defense,defesa,""
705,defensive,defensivo,""
706,deficit,"défice",""
707,define,definir,""
708,definitely,definitivamente,""
709,definition,"definição",""
710,degree,grau,""
711,delay,atraso,""
712,deliver,entrega,""
713,delivery,entrega,""
714,demand,pedido,""
715,democracy,democracia,""
716,Democrat,Democrata,""
717,democratic,"democrático",""
718,demonstrate,demonstrar,""
719,demonstration,"demonstração",""
720,deny,negar,""
721,department,departamento,""
722,depend,depender,""
723,dependent,dependente,""
724,depending,dependente,""
725,depict,representar,""
726,depression,"depressão",""
727,depth,profundidade,""
728,deputy,deputado,""
729,derive,derivar,""
730,describe,descrever,""
731,description,"descrição",""
732,desert,deserto,""
733,deserve,merecer,""
734,design,desenho,""
735,designer,designer,""
736,desire,desejo,""
737,desk,"secretária",""
738,desperate,desesperado,""
739,despite,"apesar de",""
740,destroy,destruir,""
741,destruction,"destruição",""
742,detail,pormenor,""
743,detailed,pormenorizado,""
744,detect,detetar,""
745,determine,"determinações",""
746,develop,desenvolver,""
747,developing,"em desenvolvimento",""
748,development,desenvolvimento,""
749,device,dispositivo,""
750,devote,dedicar,""
751,dialogue,"diálogo",""
752,die,morrer,""
753,diet,dieta,""
754,differ,diferir,""
755,difference,"diferença",""
756,different,diferente,""
757,differently,"de forma diferente",""
758,difficult,"difícil",""
759,difficulty,dificuldade,""
760,dig,"escavação",""
761,digital,digital,""
762,dimension,"dimensão",""
763,dining,jantar,""
764,dinner,jantar,""
765,direct,direto,""
766,direction,"direção",""
767,directly,diretamente,""
768,director,diretor,""
769,dirt,sujidade,""
770,dirty,sujo,""
771,disability,"deficiência",""
772,disagree,discordar,""
773,disappear,desaparecer,""
774,disaster,"catástrofe",""
775,discipline,disciplinas,""
776,discourse,discurso,""
777,discover,descobrir,""
778,discovery,descoberta,""
779,discrimination,"discriminação",""
780,discuss,discutir,""
781,discussion,"discussão",""
782,disease,"doença",""
783,dish,prato,""
784,dismiss,despedir,""
785,disorder,desordem,""
786,display,"ecrã",""
787,dispute,disputa,""
788,distance,"distância",""
789,distant,distante,""
790,distinct,distinto,""
791,distinction,"distinção",""
792,distinguish,distinguir,""
793,distribute,distribuir,""
794,distribution,"distribuição",""
795,district,distrito,""
796,diverse,diversos,""
797,diversity,diversidade,""
798,divide,dividir,""
799,division,"divisão",""
800,divorce,"divórcio",""
801,DNA,ADN,""
802,do,fazer,""
803,doctor,"médico",""
804,document,document,""
805,dog,"cão",""
806,domestic,nacional,""
807,dominant,dominante,""
808,dominate,dominar,""
809,door,por,""
810,double,duplo,""
811,doubt,"dúvida",""
812,down,"para baixo",""
813,downtown,"centro da cidade",""
814,dozen,"dúzia",""
815,draft,projeto,""
816,drag,arrastar,""
817,drama,drama,""
818,dramatic,"dramático",""
819,dramatically,dramaticamente,""
820,draw,sorteio,""
821,drawing,desenho,""
822,dream,sonho,""
823,dress,vestido,""
824,drink,bebida,""
825,drive,conduzir,""
826,driver,condutor,""
827,drop,queda,""
828,drug,droga,""
829,dry,seco,""
830,due,devido,""
831,during,durante,""
832,dust,"pó",""
833,duty,dever,""
834,each,cada,""
835,eager,ansioso,""
836,ear,orelha,""
837,early,precoce,""
838,earn,ganhar,""
839,earnings,rendimentos,""
840,earth,terra,""
841,ease,facilidade,""
842,easily,facilmente,""
843,east,leste,""
844,eastern,oriental,""
845,easy,"fácil",""
846,eat,comer,""
847,economic,"económico",""
848,economics,economia,""
849,economist,economista,""
850,economy,"económico",""
851,edge,borda,""
852,edition,"edição",""
853,editor,editor,""
854,educate,educar,""
855,education,"educação",""
856,educational,educativo,""
857,educator,educador,""
858,effect,efeito,""
859,effective,efetivo,""
860,effectively,efetivamente,""
861,efficiency,"eficiência","/ɪˈfɪʃn̩si/"
862,efficient,eficaz,""
863,effort,"esforço","/ˈɛfət/"
864,egg,ovo,"/eɪɡ/"
865,eight,oito,"/eɪt/"
866,either,ou,"/ˈaɪð.ə(ɹ)/"
867,elderly,idosos,""
868,elect,eleger,""
869,election,"eleição","/ɪˈlɛkʃ(ə)n/"
870,electric,"elétrico",""
871,electricity,eletricidade,"/ɪˌlɛkˈtɹɪsɪti/"
872,electronic,"eletrónica","/ɪˌlɛkˈtɹɒn.ɪk/"
873,element,elemento,"/ˈɛlɪmənt/"
874,elementary,elementar,"/(ˌ)ɛlɪ̈ˈmɛnt(ə)ɹɪ/"
875,eliminate,eliminar,"/ɪˈlɪməneɪt/"
876,elite,"de elite",""
877,else,"anulação","/ɛls/"
878,elsewhere,"noutro local","/ˌɛlsˈʍɛːə/"
879,e-mail,"correio eletrónico","/ˈiːmeɪl/"
880,embrace,"abraçar","/ɛmˈbɹeɪs/"
881,emerge,emergir,""
882,emergency,"emergência",""
883,emission,"emissão",""
884,emotion,"emoção",""
885,emotional,emocional,""
886,emphasis,"ênfase",""
887,emphasize,enfatizar,""
888,employ,empregar,""
889,employee,empregado,""
890,employer,empregador,""
891,employment,emprego,""
892,empty,vazio,""
893,enable,permitir,""
894,encounter,encontro,""
895,encourage,incentivar,""
896,end,fim,""
897,enemy,inimigo,""
898,energy,energia,""
899,enforcement,"aplicação",""
900,engage,compromissos,""
901,engine,motor,""
902,engineer,engenheiro,""
903,engineering,engenharia,""
904,English,"Inglês",""
905,enhance,melhorar,""
906,enjoy,desfrutar,""
907,enormous,enorme,""
908,enough,suficiente,""
909,ensure,assegurar,""
910,enter,entrar,""
911,enterprise,empresa,""
912,entertainment,entretenimento,""
913,entire,inteiro,""
914,entirely,inteiramente,""
915,entrance,entrada,""
916,entry,entrada,""
917,environment,ambiente,""
918,environmental,ambiental,""
919,episode,"episódio",""
920,equal,igual,""
921,equally,igualmente,""
922,equipment,equipamento,""
923,era,era,""
924,error,erro,""
925,escape,fuga,""
926,especially,especialmente,""
927,essay,ensaio,""
928,essential,essencial,""
929,essentially,essencialmente,""
930,establish,estabelecer,""
931,establishment,estabelecimento,""
932,estate,"património",""
933,estimate,estimativa,""
934,etc,etc,""
935,ethics,"ética",""
936,ethnic,"étnico",""
937,European,Europeu,""
938,evaluate,avaliar,""
939,evaluation,"avaliação",""
940,even,mesmo,""
941,evening,noite,""
942,event,evento,""
943,eventually,eventualmente,""
944,ever,sempre,""
945,every,todos,""
946,everybody,todos,""
947,everyday,quotidiano,""
948,everyone,todos,""
949,everything,tudo,""
950,everywhere,"em todo o lado",""
951,evidence,provas,""
952,evolution,"evolução",""
953,evolve,evoluir,""
954,exact,exato,""
955,exactly,exatamente,""
956,examination,exame,""
957,examine,examinar,""
958,example,exemplo,""
959,exceed,exceder,""
960,excellent,excelente,""
961,except,exceto,""
962,exception,"exceção",""
963,exchange,troca,""
964,exciting,excitante,""
965,executive,executivo,""
966,exercise,"exercício",""
967,exhibit,"exposição",""
968,exhibition,"exposição",""
969,exist,existir,""
970,existence,existence,""
971,existing,existente,""
972,expand,expandir,""
973,expansion,"expansão",""
974,expect,esperar,""
975,expectation,expetativa,""
976,expense,despesa,""
977,expensive,dispendioso,""
978,experience,"experiência",""
979,experiment,"experiência",""
980,expert,especialista,""
981,explain,explicar,""
982,explanation,"explicação",""
983,explode,explodir,""
984,explore,explore,""
985,explosion,"explosão",""
986,expose,expor,""
987,exposure,"exposição",""
988,express,expresso,""
989,expression,"expressão",""
990,extend,estender,""
991,extension,"extensão",""
992,extensive,alargado,""
993,extent,"extensão",""
994,external,externo,""
995,extra,extra,""
996,extraordinary,"extraordinário",""
997,extreme,extremo,""
998,extremely,extremamente,""
999,eye,olho,""
1000,fabric,tecido,""
1001,face,rosto,""
1002,facility,"instalações",""
1003,fact,facto,""
1004,factor,fator,""
1005,factory,"fábrica",""
1006,faculty,"corpo docente",""
1007,fade,"insípido",""
1008,fail,falhar,""
1009,failure,falha,""
1010,fair,justo,""
1011,fairly,"de forma justa",""
1012,faith,"fé",""
1013,fall,queda,""
1014,false,falso,""
1015,familiar,"família",""
1016,family,"família",""
1017,famous,famoso,""
1018,fan,"fã",""
1019,fantasy,fantasia,""
1020,far,longe,""
1021,farm,fazenda,""
1022,farmer,agricultor,""
1023,fashion,moda,""
1024,fast,"rápido",""
1025,fat,gordo,""
1026,fate,destino,""
1027,father,pai,""
1028,fault,falha,""
1029,favor,favor,""
1030,favorite,favorito,""
1031,fear,medo,""
1032,feature,"caraterística",""
1033,federal,federal,""
1034,fee,taxa,""
1035,feed,"alimentação",""
1036,feel,sentir,""
1037,feeling,sentimento,""
1038,fellow,companheiro,""
1039,female,feminino,""
1040,fence,"vedação",""
1041,few,poucos,""
1042,fewer,menos,""
1043,fiber,fibra,""
1044,fiction,"ficção",""
1045,field,"domínio",""
1046,fifteen,quinze,""
1047,fifth,quinto,""
1048,fifty,cinquenta,""
1049,fight,luta,""
1050,fighter,lutador,""
1051,fighting,luta,""
1052,figure,figura,""
1053,file,ficheiro,""
1054,fill,preenchimento,""
1055,film,filme,""
1056,final,final,""
1057,finally,finalmente,""
1058,finance,"finanças",""
1059,financial,financeiro,""
1060,find,encontrar,""
1061,finding,descoberta,""
1062,fine,"ótimo",""
1063,finger,dedo,""
1064,finish,acabamento,""
1065,fire,"incêndio",""
1066,firm,empresa,""
1067,first,primeiro,""
1068,fish,peixe,""
1069,fishing,pesca,""
1070,fit,apto,""
1071,fitness,fitness,""
1072,five,cinco,"/fɑev/"
1073,fix,consertar,"/ˈfɪks/"
1074,flag,bandeira,"/flæɡ/"
1075,flame,chama,"/fleɪm/"
1076,flat,plano,""
1077,flavor,sabor,"/ˈfleɪvə/"
1078,flee,fugir,""
1079,flesh,carne,"/flɛʃ/"
1080,flight,voo,""
1081,float,flutuar,"/fləʊt/"
1082,floor,"chão","/flɔː/"
1083,flow,fluxo,"/fləʊ/"
1084,flower,flor,"/ˈflaʊ.ə/"
1085,fly,voar,"/flaɪ/"
1086,focus,foco,"/ˈfəʊ.kəs/"
1087,folk,pessoas,"/fəʊk/"
1088,follow,seguir,"/ˈfɒləʊ/"
1089,following,seguintes,"/ˈfɒləʊɪŋ/"
1090,food,alimentos,"/fuːd/"
1091,foot,"pé","[fʊt̚]"
1092,football,futebol,"[fʷʊʔt̚bɑɫ]"
1093,for,para,""
1094,force,"força","/fɔːs/"
1095,foreign,estrangeiro,""
1096,forest,floresta,""
1097,forever,"para sempre",""
1098,forget,esquecer,""
1099,form,forma,""
1100,formal,formal,"/ˈfɔːməl/"
1101,formation,"formação",""
1102,former,anterior,""
1103,formula,"fórmula",""
1104,forth,adiante,""
1105,fortune,fortuna,""
1106,forward,"avançar",""
1107,found,encontrado,""
1108,foundation,"fundação",""
1109,founder,fundador,""
1110,four,quatro,""
1111,fourth,quarto,""
1112,frame,moldura,""
1113,framework,enquadramento,""
1114,free,livre,""
1115,freedom,liberdade,""
1116,freeze,congelar,""
1117,French,"francês",""
1118,frequency,"frequência",""
1119,frequent,frequentes,""
1120,frequently,frequentemente,""
1121,fresh,fresco,""
1122,friend,amigo,""
1123,friendly,"amigável",""
1124,friendship,amizade,""
1125,from,de,""
1126,front,front,""
1127,fruit,fruta,""
1128,frustration,"frustração",""
1129,fuel,"combustível",""
1130,full,completo,""
1131,fully,totalmente,""
1132,fun,"diversão",""
1133,function,"função",""
1134,fund,fundo,""
1135,fundamental,fundamental,""
1136,funding,financiamento,""
1137,funeral,funeral,""
1138,funny,"engraçado",""
1139,furniture,"mobiliário",""
1140,furthermore,"além disso",""
1141,future,futuro,""
1142,gain,ganho,""
1143,galaxy,"galáxia",""
1144,gallery,galeria,""
1145,game,jogo,""
1146,gang,corredor,""
1147,gap,lacuna,""
1148,garage,garagem,""
1149,garden,jardim,""
1150,garlic,alho,""
1151,gas,"gás",""
1152,gate,"portão",""
1153,gather,reunir,""
1154,gay,homossexual,""
1155,gaze,olhar,""
1156,gear,equipamento,""
1157,gender,"género",""
1158,gene,gene,""
1159,general,geral,""
1160,generally,geralmente,""
1161,generate,gerar,""
1162,generation,"geração",""
1163,genetic,"genético",""
1164,gentleman,cavalheiro,""
1165,gently,suavemente,""
1166,German,"alemão",""
1167,gesture,gesto,""
1168,get,obter,""
1169,ghost,fantasma,""
1170,giant,gigante,""
1171,gift,presente,""
1172,gifted,dotados,""
1173,girl,rapariga,""
1174,girlfriend,namorada,""
1175,give,dar,""
1176,given,dado,""
1177,glad,feliz,""
1178,glance,olhar,""
1179,glass,vidro,""
1180,global,global,""
1181,glove,luva,""
1182,go,ir,""
1183,goal,objetivo,""
1184,God,Deus,""
1185,gold,ouro,""
1186,golden,dourado,""
1187,golf,golfe,""
1188,good,bom,""
1189,government,governo,""
1190,governor,governador,""
1191,grab,agarrar,""
1192,grade,grau,""
1193,gradually,gradualmente,""
1194,graduate,graduado,""
1195,grain,"grãos",""
1196,grand,grande,""
1197,grandfather,"avô",""
1198,grandmother,"avó",""
1199,grant,"subvenção",""
1200,grass,relva,""
1201,grave,sepultura,""
1202,gray,cinzento,""
1203,great,"ótimo",""
1204,greatest,maior,""
1205,green,verde,""
1206,grocery,mercearia,""
1207,ground,"chão",""
1208,group,grupo,""
1209,grow,crescer,""
1210,growing,crescente,""
1211,growth,crescimento,""
1212,guarantee,garantia,""
1213,guard,guarda,""
1214,guess,guess,""
1215,guest,guest,""
1216,guide,guia,""
1217,guideline,diretriz,""
1218,guilty,culpado,""
1219,gun,arma,""
1220,guy,homem,""
1221,habit,habit,"/ˈhæbət/"
1222,habitat,habitat,"/ˈhæbɪtæt/"
1223,hair,cabelo,"/heː/"
1224,half,metade,"/hɑːf/"
1225,hall,"salão","/hɔːl/"
1226,hand,"mão","/hænd/"
1227,handful,"mão cheia","/ˈhæn(d)fəl/"
1228,handle,loja,"/ˈhæn.dl/"
1229,hang,pendurar,"[heɪŋ]"
1230,happen,picadas,"/ˈhæpən/"
1231,happy,feliz,"/ˈhæpiː/"
1232,hard,duro,"/hɑːd/"
1233,hardly,dificilmente,"/ˈhɑːdli/"
1234,hat,"chapéu",[hat]
1235,hate,"ódio","/heɪt/"
1236,have,ter,"pronunciation not found"
1237,he,ele,/hi/
1238,head,"cabeça","/hɛd/"
1239,headline,"título","/ˈhɛd.laɪn/"
1240,headquarters,sede,"/ˌhɛd.ˈkwɔː.təz/"
1241,health,"saúde","/hɛlθ/"
1242,healthy,"saudável","/ˈhɛl.θi/"
1243,hear,ouvir,"/hɪə(ɹ)/"
1244,hearing,"audição",""
1245,heart,"coração",""
1246,heat,calor,/hit/
1247,heaven,"céu","/hɛvn/"
1248,heavily,fortemente,"/ˈhɛvɪli/"
1249,heavy,pesado,"/ˈhe.vi/"
1250,heel,muito,""
1251,height,altura,""
1252,helicopter,"helicóptero",""
1253,hell,inferno,""
1254,hello,"Olá",""
1255,help,ajuda,""
1256,helpful,"útil",""
1257,her,ela,""
1258,here,aqui,""
1259,heritage,"património",""
1260,hero,"herói",""
1261,herself,"ela própria",""
1262,hey,ei,""
1263,hi,oi,""
1264,hide,esconder,""
1265,high,elevado,""
1266,highlight,destaque,""
1267,highly,altamente,""
1268,highway,autoestrada,""
1269,hill,colina,""
1270,him,ele,""
1271,himself,"ele próprio",""
1272,hip,anca,""
1273,hire,aluguer,""
1274,his,seu,""
1275,historian,historiador,""
1276,historic,"histórico",""
1277,historical,"histórico",""
1278,history,"história",""
1279,hit,atingido,""
1280,hold,manter,""
1281,hole,buraco,""
1282,holiday,"férias",""
1283,holy,sagrado,""
1284,home,casa,""
1285,homeless,sem-abrigo,""
1286,honest,honesto,""
1287,honey,mel,""
1288,honor,honra,""
1289,hope,"esperança",""
1290,horizon,horizonte,""
1291,horror,horror,""
1292,horse,cavalo,""
1293,hospital,hospitalar,""
1294,host,hospedeiro,""
1295,hot,quente,""
1296,hotel,hotel,""
1297,hour,hora,""
1298,house,casa,""
1299,household,"família",""
1300,housing,"habitação",""
1301,how,como,""
1302,however,"no entanto",""
1303,huge,enorme,""
1304,human,humano,""
1305,humor,humor,""
1306,hundred,cem,""
1307,hungry,faminto,""
1308,hunter,"caçador",""
1309,hunting,"caça",""
1310,hurt,ferir,""
1311,husband,marido,""
1312,hypothesis,"hipótese",""
1313,I,I,""
1314,ice,gelo,""
1315,idea,ideia,""
1316,ideal,ideal,""
1317,identification,"identificação",""
1318,identify,identificar,""
1319,identity,identidade,""
1320,ie,"ou seja",""
1321,if,se,""
1322,ignore,ignorar,""
1323,ill,doente,""
1324,illegal,ilegal,""
1325,illness,"doença",""
1326,illustrate,ilustrar,""
1327,image,imagem,""
1328,imagination,"imaginação",""
1329,imagine,imaginar,""
1330,immediate,imediato,""
1331,immediately,imediatamente,""
1332,immigrant,imigrante,""
1333,immigration,"imigração",""
1334,impact,impacto,""
1335,implement,implementar,""
1336,implication,"implicação",""
1337,imply,implicar,""
1338,importance,"importância",""
1339,important,important,""
1340,impose,impor,""
1341,impossible,"impossível",""
1342,impress,impressionar,""
1343,impression,"impressões",""
1344,impressive,impressionante,""
1345,improve,melhorar,""
1346,improvement,melhoria,""
1347,in,em,""
1348,incentive,incentivo,""
1349,incident,incidente,""
1350,include,incluir,""
1351,including,incluindo,""
1352,income,rendimento,""
1353,incorporate,incorporar,""
1354,increase,aumentar,""
1355,increased,aumentado,""
1356,increasing,crescente,""
1357,increasingly,"cada vez mais",""
1358,incredible,"incrível",""
1359,indeed,"de facto",""
1360,independence,"independência",""
1361,independent,independente,""
1362,index,"índice",""
1363,Indian,Indiano,""
1364,indicate,indicado,""
1365,indication,"indicação",""
1366,individual,individual,""
1367,industrial,industrial,""
1368,industry,setorial,""
1369,infant,infantil,""
1370,infection,"infeção",""
1371,inflation,"inflação",""
1372,influence,"influência",""
1373,inform,informar,""
1374,information,"informação",""
1375,ingredient,ingrediente,""
1376,initial,inicial,""
1377,initially,inicialmente,""
1378,initiative,iniciativa,""
1379,injury,"lesão",""
1380,inner,interior,""
1381,innocent,inocente,""
1382,inquiry,"inquérito",""
1383,inside,"no interior",""
1384,insight,"visão",""
1385,insist,insistir,""
1386,inspire,inspirar,""
1387,install,instalar,""
1388,instance,"instância",""
1389,instead,"em vez disso",""
1390,institution,"instituição",""
1391,institutional,institucional,""
1392,instruction,"instrução",""
1393,instructor,instrutor,"pronunciation not found"
1394,instrument,instrumento,"/ˈɪnstɹəmənt/"
1395,insurance,seguro,"/ɪn.ˈʃɔː.ɹəns/"
1396,intellectual,intelectual,""
1397,intelligence,"inteligência","/ɪnˈtɛl.ɪ.d͡ʒəns/"
1398,intend,pretender,""
1399,intense,intenso,"/ɪnˈtɛns/"
1400,intensity,intensidade,"/ɪnˈtɛnsɪti/"
1401,intention,"intenção","/ɪnˈtɛnʃən/"
1402,interaction,"interação","/ˌɪntəɹˈækʃən/"
1403,interest,interesse,"/ˈɪntəɹɪst/"
1404,interested,interessado,"/ˈɪntəɹɛstəd/"
1405,interesting,interessante,"/ˈɪnt(ə)ɹɛstɪŋ/"
1406,internal,interno,"/ɪnˈtɝnəl/"
1407,international,internacional,"/ˌɪntəˈnæʃ(ə)n(ə)l/"
1408,Internet,Internet,"/ˈɪntəˌnɛt/"
1409,interpret,interpretar,"/ɪnˈtɜː.pɹɪt/"
1410,interpretation,"interpretação","/ɪntəpɹəˈteɪʃən/"
1411,intervention,"intervenção","/ɪntəˈvɛnʃən/"
1412,interview,entrevista,"/ˈɪntəvjuː/"
1413,into,em,"/ˈɪn.tuː/"
1414,introduce,introduzir,"/ˌɪntɹəˈdjuːs/"
1415,introduction,"introdução","/ˌɪntɹəˈdʌkʃən/"
1416,invasion,"invasão","/ɪnˈveɪʒən/"
1417,invest,investir,"/ɪnˈvɛst/"
1418,investigate,investigar,"[ɪn.ˈves.tɪ.ɡeɪ̯t]"
1419,investigation,"investigação","/ɪnˌvɛstəˈɡeɪʃən/"
1420,investigator,investigador,"pronunciation not found"
1421,investment,investimento,""
1422,investor,investidor,""
1423,invite,"rápido",""
1424,involve,envolver,""
1425,involved,envolvidos,""
1426,involvement,envolvimento,""
1427,Iraqi,iraquiano,""
1428,Irish,"Irlandês",""
1429,iron,ferro,""
1430,Islamic,"islâmico",""
1431,island,ilha,""
1432,Israeli,Israelita,""
1433,issue,"questão",""
1434,it,ele,""
1435,Italian,italiano,""
1436,item,item,""
1437,its,seu,""
1438,itself,"em si",""
1439,jacket,casaco,""
1440,jail,correio,""
1441,Japanese,"Japonês",""
1442,jet,jato,""
1443,Jew,Judeu,""
1444,Jewish,Judeu,""
1445,job,trabalho,""
1446,join,juntar-se,""
1447,joint,conjunta,""
1448,joke,piada,""
1449,journal,jornal,""
1450,journalist,jornalista,""
1451,journey,viagem,""
1452,joy,alegria,""
1453,judge,juiz,""
1454,judgment,julgamento,""
1455,juice,sumo,""
1456,jump,saltar,""
1457,junior,"júnior",""
1458,jury,"júri",""
1459,just,apenas,""
1460,justice,"justiça",""
1461,justify,justificar,""
1462,keep,manter,""
1463,key,chave,""
1464,kick,"pontapé",""
1465,kid,"miúdo",""
1466,kill,matar,""
1467,killer,assassino,""
1468,killing,"matança",""
1469,kind,gentil,""
1470,king,rei,""
1471,kiss,beijo,""
1472,kitchen,cozinha,""
1473,knee,joelho,""
1474,knife,faca,""
1475,knock,bater,""
1476,know,saber,""
1477,knowledge,conhecimento,""
1478,lab,"laboratório",""
1479,label,etiqueta,""
1480,labor,trabalho,""
1481,laboratory,"laboratório",""
1482,lack,falta,""
1483,lady,"balcões",""
1484,lake,lago,""
1485,land,terra,""
1486,landscape,paisagem,""
1487,language,"língua",""
1488,lap,volta,""
1489,large,grande,""
1490,largely,"em grande parte",""
1491,last,"último",""
1492,late,tardio,""
1493,later,"mais tarde",""
1494,Latin,Latina,""
1495,latter,risos,""
1496,laugh,rir,""
1497,launch,"lançamento",""
1498,law,lei,""
1499,lawn,relvado,""
1500,lawsuit,"ação judicial",""
1501,lawyer,advogado,""
1502,lay,deitar,""
1503,layer,camada,""
1504,lead,chumbo,""
1505,leader,"líder",""
1506,leadership,"liderança",""
1507,leading,principal,""
1508,leaf,folha,""
1509,league,liga,""
1510,lean,magra,""
1511,learn,aprender,""
1512,learning,aprendizagem,""
1513,least,menos,""
1514,leather,couro,""
1515,leave,sair,""
1516,left,esquerda,""
1517,leg,perna,""
1518,legacy,legado,""
1519,legal,legal,""
1520,legend,lenda,""
1521,legislation,"legislação",""
1522,legitimate,"legítimo",""
1523,lemon,"limão",""
1524,length,comprimento,""
1525,less,menos,""
1526,lesson,"lição",""
1527,let,deixar,""
1528,letter,carta,""
1529,level,"nível",""
1530,liberal,liberal,""
1531,library,biblioteca,""
1532,license,"licença",""
1533,lie,mentira,""
1534,life,vida,""
1535,lifestyle,"estilo de vida",""
1536,lifetime,"vida útil",""
1537,lift,elevador,""
1538,light,luz,""
1539,like,como,""
1540,likely,"provável",""
1541,limit,limite,""
1542,limitation,"limitação",""
1543,limited,limitado,""
1544,line,linha,""
1545,link,"ligação",""
1546,lip,"lábio",""
1547,list,lista,""
1548,listen,ouvir,""
1549,literally,literalmente,""
1550,literary,"literário",""
1551,literature,literatura,""
1552,little,pouco,""
1553,live,viver,""
1554,living,viver,""
1555,load,carga,""
1556,loan,"empréstimo",""
1557,local,local,""
1558,locate,localizar,""
1559,location,"localização",""
1560,lock,fechadura,""
1561,long,longo,""
1562,long-term,"a longo prazo",""
1563,look,olhar,""
1564,loose,solto,""
1565,lose,perder,""
1566,loss,perda,""
1567,lost,perdido,""
1568,lot,lote,""
1569,lots,lotes,""
1570,loud,alto,""
1571,love,amor,""
1572,lovely,"adorável",""
1573,lover,amante,""
1574,low,baixo,""
1575,lower,inferior,""
1576,luck,sorte,""
1577,lucky,sortudo,""
1578,lunch,"almoço",""
1579,lung,"solução",""
1580,machine,"máquina",""
1581,mad,louco,""
1582,magazine,revista,""
1583,mail,correio,""
1584,main,principal,""
1585,mainly,principalmente,""
1586,maintain,manter,""
1587,maintenance,"manutenção",""
1588,major,importante,""
1589,majority,"maioritário",""
1590,make,fazer,""
1591,maker,fabricante,""
1592,makeup,maquilhagem,""
1593,male,masculino,""
1594,mall,"centro comercial",""
1595,man,homem,""
1596,manage,gerir,""
1597,management,"gestão",""
1598,manager,gestor,""
1599,manner,forma,""
1600,manufacturer,fabricante,""
1601,manufacturing,fabrico,""
1602,many,muitos,""
1603,map,mapa,""
1604,margin,margem,""
1605,mark,marca,""
1606,market,mercado,""
1607,marketing,marketing,""
1608,marriage,casamento,""
1609,married,casado,""
1610,marry,casar,""
1611,mask,"máscara","/mæsk/"
1612,mass,massa,"/mæs/"
1613,massive,"maciço","/ˈmæs.ɪv/"
1614,master,mestre,"/ˈmastə/"
1615,match,jogo,"/mæt͡ʃ/"
1616,material,material,"/məˈtɪəɹɪəl/"
1617,math,"matemática","/mɑːθ/"
1618,matter,"matéria","/ˈmætə/"
1619,may,pode,"/meɪ/"
1620,maybe,talvez,"/ˈmeɪbi/"
1621,mayor,mais,"/ˈmeɪ.ə/"
1622,me,eu,"/miː/"
1623,meal,"refeição","/miːl/"
1624,mean,"média","/miːn/"
1625,meaning,significado,"/ˈmiːnɪŋ/"
1626,meanwhile,entretanto,"/ˈmiːnhwaɪl/"
1627,measure,medida,"/ˈmɛʒə/"
1628,measurement,"medição","/ˈmeʒ.ə.mənt/"
1629,meat,carne,"/miːt/"
1630,mechanism,mecanismo,"/ˈmɛkənɪzm/"
1631,media,metade,"/ˈmiːdɪə/"
1632,medical,"médico","/ˈmɛdɪkl̩/"
1633,medication,medicamentos,"/mɛdɪˈkeɪʃən/"
1634,medicine,medicina,"/ˈmed(ɪ).sn̩/"
1635,medium,"médio","/ˈmiːdɪəm/"
1636,meet,conhecer,"/miːt/"
1637,meeting,"reunião","/ˈmiːtɪŋ/"
1638,member,membro,"/ˈmɛmbə/"
1639,membership,"adesão","pronunciation not found"
1640,memory,"memória","/ˈmɛm(ə)ɹi/"
1641,mental,mental,""
1642,mention,"menção",""
1643,menu,menu,""
1644,mere,mais,""
1645,merely,apenas,""
1646,mess,"confusão",""
1647,message,mensagem,""
1648,metal,metal,""
1649,meter,contador,""
1650,method,"método",""
1651,Mexican,Mexicano,""
1652,middle,"médio",""
1653,might,pode,""
1654,military,militar,""
1655,milk,leite,""
1656,million,"milhões",""
1657,mind,mente,""
1658,mine,meu,""
1659,minister,ministro,""
1660,minor,menor,""
1661,minority,"minoritário",""
1662,minute,minuto,""
1663,miracle,milagre,""
1664,mirror,espelho,""
1665,miss,falhar,""
1666,missile,"míssil",""
1667,mission,"missão",""
1668,mistake,erro,""
1669,mix,mistura,""
1670,mixture,mistura,""
1671,mm-hmm,mm-hmm,""
1672,mode,modo,""
1673,model,modelo,""
1674,moderate,moderado,""
1675,modern,moderno,""
1676,modest,modesto,""
1677,mom,"mãe",""
1678,moment,momento,""
1679,money,dinheiro,""
1680,monitor,monitor,""
1681,month,"mês",""
1682,mood,humor,""
1683,moon,lua,""
1684,moral,moral,""
1685,more,mais,""
1686,moreover,"além disso",""
1687,morning,"manhã",""
1688,mortgage,hipoteca,""
1689,most,"a maioria",""
1690,mostly,principalmente,""
1691,mother,"mãe",""
1692,motion,movimento,""
1693,motivation,"motivação",""
1694,motor,motor,""
1695,mount,montar,""
1696,mountain,montanha,""
1697,mouse,rato,""
1698,mouth,boca,""
1699,move,"deslocação",""
1700,movement,movimento,""
1701,movie,filme,""
1702,Mr,Senhor,""
1703,Mrs,Senhora,""
1704,Ms,Senhora,""
1705,much,muito,""
1706,multiple,"múltiplo",""
1707,murder,"homicídio",""
1708,muscle,muscular,""
1709,museum,museu,""
1710,music,"música",""
1711,musical,musical,""
1712,musician,"músico",""
1713,Muslim,"Muçulmano",""
1714,must,deve,""
1715,mutual,"mútuo",""
1716,my,meu,""
1717,myself,eu,""
1718,mystery,"mistério",""
1719,myth,mito,""
1720,naked,nu,""
1721,name,nome,""
1722,narrative,narrativa,""
1723,narrow,estreito,""
1724,nation,"nação",""
1725,national,nacional,""
1726,native,nativo,""
1727,natural,natural,""
1728,naturally,naturalmente,""
1729,nature,natureza,""
1730,near,"próximo",""
1731,nearby,"próximo",""
1732,nearly,quase,""
1733,necessarily,necessariamente,""
1734,necessary,"necessário",""
1735,neck,"pescoço",""
1736,need,necessidade,""
1737,negative,negativo,""
1738,negotiate,negociar,""
1739,negotiation,"negociação",""
1740,neighbor,vizinho,""
1741,neighborhood,bairro,""
1742,neither,nem,""
1743,nerve,nervo,""
1744,nervous,nervoso,""
1745,net,"líquido",""
1746,network,rede,""
1747,never,nunca,""
1748,nevertheless,"no entanto",""
1749,new,novo,""
1750,newly,recentemente,""
1751,news,"notícias",""
1752,newspaper,jornal,""
1753,next,seguinte,""
1754,nice,"agradável",""
1755,night,noite,""
1756,nine,nove,""
1757,no,"não",""
1758,nobody,"ninguém",""
1759,nod,aceno,""
1760,noise,"ruído",""
1761,nomination,"nomeação","pronunciation not found"
1762,none,nenhum,"/nɒn/"
1763,nonetheless,"mesmo assim","/ˌnʌnðəˈlɛs/"
1764,nor,nem,"/nɔː/"
1765,normal,normal,"/ˈnɔːməl/"
1766,normally,normalmente,"pronunciation not found"
1767,north,norte,"/noːθ/"
1768,northern,setentrional,"/ˈnɔːðn̩/"
1769,nose,nariz,"/nəʊz/"
1770,not,"não","/nɒt/"
1771,note,nota,""
1772,nothing,nada,""
1773,notice,aviso,""
1774,notion,"noção",""
1775,novel,romance,""
1776,now,agora,""
1777,nowhere,"em lado nenhum",""
1778,"n't","não",""
1779,nuclear,nuclear,""
1780,number,"número",""
1781,numerous,numerosos,""
1782,nurse,enfermeira,""
1783,nut,noz,""
1784,object,objeto,""
1785,objective,objetivo,""
1786,obligation,"obrigação",""
1787,observation,"observação",""
1788,observe,observar,""
1789,observer,observador,""
1790,obtain,obter,""
1791,obvious,evidente,""
1792,obviously,obviamente,""
1793,occasion,"ocasião",""
1794,occasionally,ocasionalmente,""
1795,occupation,"ocupação",""
1796,occupy,ocupar,""
1797,occur,ocorrer,""
1798,ocean,ocean,""
1799,odd,estranho,""
1800,odds,probabilidades,""
1801,of,de,""
1802,off,desligado,""
1803,offense,"infração",""
1804,offensive,ofensivo,""
1805,offer,oferta,""
1806,office,"escritório",""
1807,officer,"funcionário",""
1808,official,oficial,""
1809,often,frequentemente,""
1810,oh,oh,""
1811,oil,"óleo",""
1812,ok,ok,""
1813,okay,ok,""
1814,old,antigo,""
1815,Olympic,"Olímpico",""
1816,on,sobre,""
1817,once,"uma vez",""
1818,one,um,""
1819,ongoing,"em curso",""
1820,onion,cebola,""
1821,online,"em linha",""
1822,only,apenas,""
1823,onto,para,""
1824,open,aberto,""
1825,opening,abertura,""
1826,operate,operar,""
1827,operating,"de funcionamento",""
1828,operation,funcionamento,""
1829,operator,operador,""
1830,opinion,"opinião",""
1831,opponent,oponente,""
1832,opportunity,oportunidade,""
1833,oppose,opor-se,""
1834,opposite,oposto,""
1835,opposition,"oposição",""
1836,option,"opção",""
1837,or,ou,""
1838,orange,laranja,""
1839,order,ordem,""
1840,ordinary,comum,""
1841,organic,"orgânico",""
1842,organization,"organização",""
1843,organize,organizar,""
1844,orientation,"orientação",""
1845,origin,origem,""
1846,original,original,""
1847,originally,inicialmente,""
1848,other,outros,""
1849,others,outros,""
1850,otherwise,"caso contrário",""
1851,ought,deve,""
1852,our,nosso,""
1853,ourselves,"nós próprios",""
1854,out,fora,""
1855,outcome,resultado,""
1856,outside,"no exterior",""
1857,oven,forno,""
1858,over,sobre,""
1859,overall,global,""
1860,overcome,superado,""
1861,overlook,vista,"/əʊvəˈlʊk/"
1862,owe,dever,"/əʊ/"
1863,own,"próprio","/ˈəʊn/"
1864,owner,"proprietário","/ˈəʊnə/"
1865,pace,ritmo,"/peɪs/"
1866,pack,embalagem,"/pæk/"
1867,package,pacote,"/ˈpækɪdʒ/"
1868,page,"página","/peɪd͡ʒ/"
1869,pain,dor,"/peɪn/"
1870,painful,doloroso,"/ˈpeɪn.fəl/"
1871,paint,pintura,""
1872,painter,pintor,"/ˈpeɪntə/"
1873,painting,pintura,"/ˈpeɪn.tɪŋ/"
1874,pair,par,"/pɛə(ɹ)/"
1875,pale,"lâmina","/peɪl/"
1876,Palestinian,Palestiniana,""
1877,palm,palma,"/ˈpæm/"
1878,pan,panela,"/pæn/"
1879,panel,painel,"/ˈpænəl/"
1880,pant,"calça","/pænt/"
1881,paper,papel,""
1882,parent,pai,""
1883,park,parque,""
1884,parking,estacionamento,""
1885,part,parte,""
1886,participant,participante,""
1887,participate,participar,""
1888,participation,"participação",""
1889,particular,particular,""
1890,particularly,nomeadamente,""
1891,partly,"em parte",""
1892,partner,parceiro,""
1893,partnership,parceria,""
1894,party,festa,""
1895,pass,passar,""
1896,passage,passagem,""
1897,passenger,passageiro,""
1898,passion,"paixão",""
1899,past,passado,""
1900,patch,remendo,""
1901,path,caminho,""
1902,patient,paciente,""
1903,pattern,"padrão",""
1904,pause,pausa,""
1905,pay,pagar,""
1906,payment,pagamento,""
1907,PC,PC,""
1908,peace,paz,""
1909,peak,pico,""
1910,peer,par,""
1911,penalty,penalty,""
1912,people,pessoas,""
1913,pepper,pimenta,""
1914,per,por,""
1915,perceive,perceber,""
1916,percentage,percentagem,""
1917,perception,"perceção",""
1918,perfect,perfeito,""
1919,perfectly,perfeitamente,""
1920,perform,atuar,""
1921,performance,desempenho,""
1922,perhaps,talvez,""
1923,period,"período",""
1924,permanent,permanente,""
1925,permission,"permissão",""
1926,permit,"autorização",""
1927,person,pessoa,""
1928,personal,pessoal,""
1929,personality,personalidade,""
1930,personally,pessoalmente,""
1931,personnel,pessoal,""
1932,perspective,perspetiva,""
1933,persuade,persuadir,""
1934,pet,"animal de estimação",""
1935,phase,fase,""
1936,phenomenon,"fenómeno",""
1937,philosophy,filosofia,""
1938,phone,telefone,""
1939,photo,fotografia,""
1940,photograph,fotografia,""
1941,photographer,"fotógrafo",""
1942,phrase,frase,""
1943,physical,"físico",""
1944,physically,fisicamente,""
1945,physician,"médico",""
1946,piano,plano,""
1947,pick,escolher,""
1948,picture,imagem,""
1949,pie,tarte,""
1950,piece,"peça",""
1951,pile,pilha,""
1952,pilot,piloto,""
1953,pine,pinheiro,""
1954,pink,cor-de-rosa,""
1955,pipe,tubo,""
1956,pitch,passo,""
1957,place,lugar,""
1958,plan,plano,""
1959,plane,"avião",""
1960,planet,planeta,""
1961,planning,planeamento,""
1962,plant,"fábrica",""
1963,plastic,"plástico",""
1964,plate,placa,""
1965,platform,plataforma,""
1966,play,jogar,""
1967,player,jogador,""
1968,please,"por favor",""
1969,pleasure,prazer,""
1970,plenty,muito,""
1971,plot,trama,""
1972,plus,mais,""
1973,PM,PM,""
1974,pocket,bolso,""
1975,poem,poema,""
1976,poet,poeta,""
1977,poetry,poesia,""
1978,point,ponto,""
1979,pole,"domínio",""
1980,police,"polícia",""
1981,policy,"política","/ˈpɒləsi/"
1982,political,"político","/pəˈlɪtɪkəl/"
1983,politically,politicamente,"pronunciation not found"
1984,politician,"político","/ˈpɒl.ɪ.tɪʃ.ən/"
1985,politics,"política","/ˈpɒl.ɪ.tɪks/"
1986,poll,sondagem,"/pɔl/"
1987,pollution,"poluição","/pəˈl(j)uːʃn̩/"
1988,pool,piscina,/pul/
1989,poor,pobre,"/poː/"
1990,pop,pop,"/pɒp/"
1991,popular,popular,"/ˈpɒpjʊlə/"
1992,population,"população","/ˌpɒpjʊˈleɪʃən/"
1993,porch,alpendre,"/pɔːtʃ/"
1994,port,porto,"/pɔːt/"
1995,portion,"porção",""
1996,portrait,retrato,"/ˈpɔːtɹeɪt/"
1997,portray,retrato,"/pɔɹˈtɹeɪ/"
1998,pose,pose,"/pəʊz/"
1999,position,"posição",""
2000,positive,positivo,"/ˈpɒzɪ̈tɪv/"
2001,possess,possuir,""
2002,possibility,"possível",""
2003,possible,"possível",""
2004,possibly,eventualmente,""
2005,post,posto,""
2006,pot,panela,""
2007,potato,batata,""
2008,potential,potencial,""
2009,potentially,potencialmente,""
2010,pound,libra,""
2011,pour,para,""
2012,poverty,pobreza,""
2013,powder,"pó",""
2014,power,"potência",""
2015,powerful,poderoso,""
2016,practical,"prático",""
2017,practice,"prática",""
2018,pray,rezar,""
2019,prayer,"oração",""
2020,precisely,precisamente,""
2021,predict,prever,""
2022,prefer,preferir,""
2023,preference,"preferência",""
2024,pregnancy,gravidez,""
2025,pregnant,"grávida",""
2026,preparation,"preparação",""
2027,prepare,preparar,""
2028,prescription,"prescrição",""
2029,presence,"presença",""
2030,present,atual,""
2031,presentation,"apresentação",""
2032,preserve,preservar,""
2033,president,presidente,""
2034,presidential,presidencial,""
2035,press,imprensa,""
2036,pressure,"pressão",""
2037,pretend,fingir,""
2038,pretty,bonito,""
2039,prevent,prevenir,""
2040,previous,anterior,""
2041,previously,anteriormente,""
2042,price,"preço",""
2043,pride,vir,""
2044,priest,padre,""
2045,primarily,principalmente,""
2046,primary,"primário",""
2047,prime,principal,""
2048,principal,principal,""
2049,principle,"princípio",""
2050,print,imprimir,""
2051,prior,anterior,""
2052,priority,"prioritário",""
2053,prison,"prisão",""
2054,prisoner,prisioneiro,""
2055,privacy,privacidade,""
2056,private,privado,""
2057,probably,provavelmente,""
2058,problem,problema,""
2059,procedure,procedimento,""
2060,proceed,prosseguir,""
2061,process,processo,""
2062,produce,produzir,""
2063,producer,produtor,""
2064,product,produto,""
2065,production,"produção",""
2066,profession,"profissão",""
2067,professional,profissional,""
2068,professor,professor,""
2069,profile,perfil,""
2070,profit,lucro,""
2071,program,programa,""
2072,progress,progresso,""
2073,project,projeto,""
2074,prominent,proeminente,""
2075,promise,promessa,""
2076,promote,promover,""
2077,prompt,"rápido",""
2078,proof,prova,""
2079,proper,correta,""
2080,properly,corretamente,""
2081,property,propriedade,""
2082,proportion,"proporção",""
2083,proposal,proposta,""
2084,propose,propor,""
2085,proposed,proposto,""
2086,prosecutor,procurador,""
2087,prospect,perspetiva,""
2088,protect,proteger,""
2089,protection,"proteção",""
2090,protein,"proteína",""
2091,protest,protesto,"/ˈpɹəʊ.tɛst/"
2092,proud,atual,"/pɹaʊd/"
2093,prove,provar,"/pɹuːv/"
2094,provide,fornecer,"/pɹəˈvaɪd/"
2095,provider,fornecedor,"pronunciation not found"
2096,province,"províncias","/ˈpɹɒvɪns/"
2097,provision,"disposição","/pɹəˈvɪʒ.ən/"
2098,psychological,"psicológico","/ˌsaɪkəˈlɒdʒɪkl/"
2099,psychologist,"psicólogo","/ˌsaɪˈkɑl.ə.d͡ʒɪst/"
2100,psychology,psicologia,"/saɪˈkɒlədʒɪ/"
2101,public,"público","/ˈpʌblɪk/"
2102,publication,"publicação","/ˌpʌblɪˈkeɪʃən/"
2103,publicly,publicamente,"/ˈpʌblɪkli/"
2104,publish,publicar,"/ˈpʌblɪʃ/"
2105,publisher,editor,"/ˈpʌblɪʃɚ/"
2106,pull,puxar,"/pʊl/"
2107,punishment,"punição","/ˈpʌnɪʃmənt/"
2108,purchase,compra,"/ˈpɜːtʃəs/"
2109,pure,puro,"/ˈpjɔː/"
2110,purpose,objetivo,"/ˈpɜːpəs/"
2111,pursue,prosseguir,"/pəˈʃu/"
2112,push,empurrar,"[pʷʊʃ]"
2113,put,colocar,"/pʊt/"
2114,qualify,qualificar,"/ˈkwɒl.ɪ.faɪ/"
2115,quality,qualidade,"/ˈkwɒlɪti/"
2116,quarter,trimestre,"/ˈkoː.tɘ/"
2117,quarterback,quarterback,"pronunciation not found"
2118,question,"questão","/ˈkwɛstjən/"
2119,quick,"rápido","/kwɪk/"
2120,quickly,rapidamente,""
2121,quiet,calmo,""
2122,quietly,calmamente,""
2123,quit,desistir,""
2124,quite,bastante,""
2125,quote,"cotação",""
2126,race,corrida,""
2127,racial,racial,""
2128,radical,radical,""
2129,radio,"rádio",""
2130,rail,carril,""
2131,rain,chuva,""
2132,raise,aumentar,""
2133,range,gama,""
2134,rank,"classificação",""
2135,rapid,"rápido",""
2136,rapidly,rapidamente,""
2137,rare,raro,""
2138,rarely,raramente,""
2139,rate,taxa,""
2140,rather,bastante,""
2141,rating,"classificação",""
2142,ratio,"rácio",""
2143,raw,bruto,""
2144,reach,"alcançar",""
2145,react,reagir,""
2146,reaction,"reação",""
2147,read,ler,""
2148,reader,leitor,""
2149,reading,leitura,""
2150,ready,pronto,""
2151,real,real,""
2152,reality,realidade,""
2153,realize,realizar,""
2154,really,realmente,""
2155,reason,"razão",""
2156,reasonable,"razoável",""
2157,recall,recolha,""
2158,receive,receber,""
2159,recent,recente,""
2160,recently,recentemente,""
2161,recipe,receita,""
2162,recognition,reconhecimento,""
2163,recognize,reconhecer,""
2164,recommend,recomendar,""
2165,recommendation,"recomendação",""
2166,record,registo,""
2167,recording,registo,""
2168,recover,recuperar,""
2169,recovery,"recuperação",""
2170,recruit,recruta,""
2171,red,vermelho,""
2172,reduce,reduzir,""
2173,reduction,"redução",""
2174,refer,referir,""
2175,reference,"referência",""
2176,reflect,refletir,""
2177,reflection,"reflexão",""
2178,reform,reforma,""
2179,refugee,refugiado,""
2180,refuse,recusar,""
2181,regard,considerar,""
2182,regarding,"relativamente a",""
2183,regardless,independentemente,""
2184,regime,regime,""
2185,region,"região",""
2186,regional,regional,""
2187,register,registo,""
2188,regular,regular,""
2189,regularly,regularmente,""
2190,regulate,regular,""
2191,regulation,"regulamentação",""
2192,reinforce,"reforçar",""
2193,reject,rejeitar,""
2194,relate,relacionar,""
2195,relation,"relação",""
2196,relationship,"relação",""
2197,relative,relativo,""
2198,relatively,relativamente,""
2199,relax,relaxar,""
2200,release,"libertação",""
2201,relevant,relevante,""
2202,relief,"alívio",""
2203,religion,"religião",""
2204,religious,religioso,""
2205,rely,confiar,""
2206,remain,permanecer,""
2207,remaining,restantes,""
2208,remarkable,"notável",""
2209,remember,recordar,""
2210,remind,recordar,""
2211,remote,remoto,""
2212,remove,remover,""
2213,repeat,repetir,""
2214,repeatedly,repetidamente,""
2215,replace,substituir,""
2216,reply,resposta,""
2217,report,"relatório",""
2218,reporter,"repórter",""
2219,represent,representar,""
2220,representation,"representação",""
2221,representative,representante,""
2222,Republican,Republicano,""
2223,reputation,"reputação",""
2224,request,pedido,"/ɹɪˈkwɛst/"
2225,require,exigir,""
2226,requirement,requisito,"/ɹɪˈkwʌɪəm(ə)nt/"
2227,research,"investigação","/ɹɪˈsɜːtʃ/"
2228,researcher,investigador,"pronunciation not found"
2229,resemble,assemelhar-se,""
2230,reservation,reserva,""
2231,resident,residente,"/ˈɹɛzɪd(ə)nt/"
2232,resist,resistir,"/ɹəˈzɪst/"
2233,resistance,"resistência","/ɹɪˈzɪstəns/"
2234,resolution,"resolução","/ˌɹɛzəˈluːʃ(ə)n/"
2235,resolve,resolver,"/ɹiːˈzɒlv/"
2236,resort,"estância","/ɹɨˈzɔ(ɹ)t/"
2237,resource,recurso,"/ɹɪˈsɔɹs/"
2238,respect,respeito,"/ɹɪˈspɛkt/"
2239,respond,"responder a","pronunciation not found"
2240,respondent,respondent,"pronunciation not found"
2241,response,resposta,"/ɹɪˈspɒns/"
2242,responsibility,responsabilidade,"/ɹɪˌspɑnsəˈbɪlɪɾi/"
2243,responsible,"responsável","/ɹɪˈspɒnsəbl̩/"
2244,rest,descanso,"/ɹɛst/"
2245,restaurant,restaurant,"/ˈɹɛs.t(ə).ɹ(ə)nt/"
2246,restore,restaurar,"/ɹɪˈstɔː/"
2247,restriction,"restrição","/ɹɪˈstɹɪkʃən/"
2248,result,resultado,"/ɹɪˈzʌlt/"
2249,retain,reter,"/ɹɪˈteɪn/"
2250,retire,reformar-se,"/ɹəˈtaɪə(ɹ)/"
2251,retirement,reforma,"/ɹəˈtaɪə(ɹ).mənt/"
2252,return,retorno,"/ɹɪˈtɜːn/"
2253,reveal,revelar,"/ɹəˈviːl/"
2254,revenue,receitas,""
2255,review,"revisão",""
2256,revolution,"revolução",""
2257,rhythm,ritmo,""
2258,rice,arroz,"/ɹaɪs/"
2259,rich,rico,"/ɹɪt͡ʃ/"
2260,rid,livrar-se,"/ˈɹɪd/"
2261,ride,passeio,""
2262,rifle,espingarda,""
2263,right,correto,""
2264,ring,anel,""
2265,rise,subir,""
2266,risk,risco,""
2267,river,rio,""
2268,road,"rodoviário",""
2269,rock,rocha,""
2270,role,papel,""
2271,roll,rolo,""
2272,romantic,"romântico",""
2273,roof,teto,""
2274,room,quarto,""
2275,root,raiz,""
2276,rope,corda,""
2277,rose,rosa,""
2278,rough,"áspero",""
2279,roughly,aproximadamente,""
2280,round,redondo,""
2281,route,percurso,""
2282,routine,rotina,""
2283,row,fila,""
2284,rub,esfregar,""
2285,rule,regra,""
2286,run,correr,""
2287,running,"em funcionamento",""
2288,rural,rural,""
2289,rush,pressa,""
2290,Russian,Russo,""
2291,sacred,sagrado,""
2292,sad,triste,""
2293,safe,seguro,""
2294,safety,"segurança",""
2295,sake,"saquê",""
2296,salad,salada,""
2297,salary,"salário",""
2298,sale,venda,""
2299,sales,sais,""
2300,salt,sal,""
2301,same,mesmo,""
2302,sample,amostra,""
2303,sanction,"sanção",""
2304,sand,areia,""
2305,satellite,"satélite",""
2306,satisfaction,"satisfação",""
2307,satisfy,satisfazer,""
2308,sauce,molho,""
2309,save,salvar,""
2310,saving,"poupança",""
2311,say,dizer,""
2312,scale,escala,""
2313,scandal,"escândalo",""
2314,scared,assustado,""
2315,scenario,"cenário",""
2316,scene,cena,""
2317,schedule,"horário",""
2318,scheme,Esquema,""
2319,scholar,"académico",""
2320,scholarship,bolsa,""
2321,school,escola,""
2322,science,"ciência",""
2323,scientific,"científico",""
2324,scientist,cientista,""
2325,scope,"âmbito",""
2326,score,"pontuação",""
2327,scream,gritar,""
2328,screen,"ecrã",""
2329,script,"guião",""
2330,sea,mar,""
2331,search,pesquisa,""
2332,season,"estação",""
2333,seat,assento,""
2334,second,segundo,""
2335,secret,segredo,""
2336,secretary,"secretário",""
2337,section,"secção",""
2338,sector,sector,""
2339,secure,seguro,""
2340,security,"segurança",""
2341,see,ver,""
2342,seed,semente,""
2343,seek,procurar,""
2344,seem,parecer,""
2345,segment,segmento,""
2346,seize,apreender,""
2347,select,selecionar,""
2348,selection,"seleção",""
2349,self,"próprio",""
2350,sell,vender,""
2351,Senate,Senado,""
2352,senator,senador,""
2353,send,enviar,"/sɛnd/"
2354,senior,"sénior","/ˈsiːnjə(r)/"
2355,sense,sentido,"/sɛn(t)s/"
2356,sensitive,"sensível",""
2357,sentence,sentence,""
2358,separate,separado,"/ˈsɛpəɹət/"
2359,sequence,"sequência",""
2360,series,"série",""
2361,serious,grave,"/ˈsɪə.ɹi.əs/"
2362,seriously,"a sério","/ˈsɪəɹi.əsli/"
2363,serve,servir,"/sɜːv/"
2364,service,"serviço","/ˈsɜːvɪs/"
2365,session,"sessão","/ˈsɛʃən/"
2366,set,definir,"/sɛt/"
2367,setting,"definição","/ˈsɛtɪŋ/"
2368,settle,assentar,"/ˈsɛtəl/"
2369,settlement,"liquidação","/ˈset.l.mənt/"
2370,seven,sete,"/ˈsɛv.ən/"
2371,several,"vários","/ˈsɛv(ə)ɹəl/"
2372,severe,grave,"/sɪˈvɪə/"
2373,sex,sexo,"/sɛks/"
2374,sexual,sexual,"/ˈsɛksjuəl/"
2375,shade,sombra,"/ʃeɪd/"
2376,shadow,sombra,"/ˈʃædəʊ/"
2377,shake,agitar,"/ˈʃeɪk/"
2378,shall,deve,"/ˈʃæl/"
2379,shape,forma,"/ʃeɪp/"
2380,share,"ação","/ʃɛə/"
2381,sharp,"nítido",""
2382,she,ela,""
2383,sheet,folha,""
2384,shelf,prateleira,""
2385,shell,concha,""
2386,shelter,abrigo,""
2387,shift,"deslocação",""
2388,shine,brilhar,""
2389,ship,navio,""
2390,shirt,camisa,""
2391,shit,merda,""
2392,shock,choque,""
2393,shoe,sapato,""
2394,shoot,filmar,""
2395,shooting,tiroteio,""
2396,shop,loja,""
2397,shopping,compras,""
2398,shore,costa,""
2399,short,curto,""
2400,shortly,brevemente,""
2401,shot,tiro,""
2402,should,deve,""
2403,shoulder,ombro,""
2404,shout,gritar,""
2405,show,"espetáculo",""
2406,shower,duche,""
2407,shrug,"encolher os ombros",""
2408,shut,fechado,""
2409,sick,doente,""
2410,side,lado,""
2411,sigh,suspiro,""
2412,sight,"visão",""
2413,sign,sinal,""
2414,signal,sinal,""
2415,significance,significado,""
2416,significant,significativo,""
2417,significantly,significativamente,""
2418,silence,"silêncio",""
2419,silent,silencioso,""
2420,silver,prata,""
2421,similar,semelhante,""
2422,similarly,"da mesma forma",""
2423,simple,simples,""
2424,simply,simplesmente,""
2425,sin,pecado,""
2426,since,desde,""
2427,sing,cantar,""
2428,singer,cantor,""
2429,single,"único",""
2430,sink,pia,""
2431,sir,senhor,""
2432,sister,"irmã",""
2433,sit,sentar,""
2434,site,local,""
2435,situation,"situação",""
2436,six,seis,""
2437,size,tamanho,""
2438,ski,esqui,""
2439,skill,"competência",""
2440,skin,pele,""
2441,sky,"céu",""
2442,slave,escravo,""
2443,sleep,dormir,""
2444,slice,fatia,""
2445,slide,deslizamento,""
2446,slight,ligeiro,""
2447,slightly,ligeiramente,""
2448,slip,deslizamento,""
2449,slow,lento,""
2450,slowly,lentamente,""
2451,small,pequeno,""
2452,smart,dor,""
2453,smell,cheiro,""
2454,smile,sorriso,""
2455,smoke,fumo,""
2456,smooth,suave,""
2457,snap,"instantâneo",""
2458,snow,neve,""
2459,so,assim,""
2460,so-called,chamado,""
2461,soccer,futebol,""
2462,social,social,""
2463,society,sociedade,""
2464,soft,suave,""
2465,software,software,""
2466,soil,solo,""
2467,solar,solar,""
2468,soldier,soldado,""
2469,solid,"sólido",""
2470,solution,"solução",""
2471,solve,resolver,""
2472,some,alguns,""
2473,somebody,"alguém",""
2474,somehow,"de alguma forma",""
2475,someone,"alguém",""
2476,something,algo,""
2477,sometimes,"por vezes",""
2478,somewhat,"um pouco",""
2479,somewhere,algures,""
2480,son,filho,""
2481,song,"canção",""
2482,soon,"em breve",""
2483,sophisticated,sofisticado,""
2484,sorry,"lamentável",""
2485,sort,"feitiço",""
2486,soul,alma,""
2487,sound,sonoro,""
2488,soup,sopa,""
2489,source,fonte,""
2490,south,sul,""
2491,southern,meridional,""
2492,Soviet,"Soviético",""
2493,space,"espaço",""
2494,Spanish,espanhol,""
2495,speak,falar,""
2496,speaker,altifalante,""
2497,special,especial,""
2498,specialist,especialista,""
2499,species,"espécies",""
2500,specific,"específico",""
2501,specifically,especificamente,""
2502,speech,discurso,""
2503,speed,velocidade,""
2504,spend,gastar,""
2505,spending,despesas,""
2506,spin,girar,""
2507,spirit,"espírito",""
2508,spiritual,espiritual,""
2509,split,dividir,""
2510,spokesman,porta-voz,""
2511,sport,desporto,"/spɔːt/"
2512,spot,ponto,"/spɒt/"
2513,spread,espalhar,"/spɹɛd/"
2514,spring,primavera,"/spɹɪŋ/"
2515,square,quadrado,"/skwɛə(ɹ)/"
2516,squeeze,apertar,""
2517,stability,estabilidade,"/stəˈbɪlɪti/"
2518,stable,"estável","/ˈsteɪ.bəɫ/"
2519,staff,pessoal,"/ˈstæf/"
2520,stage,fase,""
2521,stair,escada,""
2522,stake,aposta,""
2523,stand,ficou,""
2524,standard,"padrão",""
2525,standing,"de pé",""
2526,star,estrela,""
2527,stare,olhar,""
2528,start,"início",""
2529,state,Estado,""
2530,statement,"declaração",""
2531,station,"estação",""
2532,statistics,"estatísticas",""
2533,status,estatuto,""
2534,stay,ficar,""
2535,steady,"estável",""
2536,steal,roubar,""
2537,steel,"aço",""
2538,step,passo,""
2539,stick,pau,""
2540,still,silencioso,""
2541,stir,stir,""
2542,stock,stock,""
2543,stomach,"estômago",""
2544,stone,pedra,""
2545,stop,Parar,""
2546,storage,armazenamento,""
2547,store,loja,""
2548,storm,tempestade,""
2549,story,"história",""
2550,straight,direito,""
2551,strange,estranho,""
2552,stranger,estranho,""
2553,strategic,"estratégico",""
2554,strategy,"estratégia",""
2555,stream,fluxo,""
2556,street,rua,""
2557,strength,"força",""
2558,strengthen,"reforçar",""
2559,stress,stress,""
2560,stretch,esticar,""
2561,strike,greve,""
2562,string,corda,""
2563,strip,faixa,""
2564,stroke,"acidente vascular cerebral",""
2565,strong,forte,""
2566,strongly,fortemente,""
2567,structure,estrutura,""
2568,struggle,luta,""
2569,student,estudante,""
2570,studio,"estúdio",""
2571,study,estudo,""
2572,stuff,material,""
2573,stupid,"estúpido",""
2574,style,estilo,""
2575,subject,assunto,""
2576,submit,apresentar,""
2577,subsequent,posterior,""
2578,substance,"substância",""
2579,substantial,substancial,""
2580,succeed,"ter sucesso",""
2581,success,sucesso,""
2582,successful,bem-sucedido,""
2583,successfully,"com sucesso",""
2584,such,tal,""
2585,sudden,repentino,""
2586,suddenly,"de repente",""
2587,sue,processar,""
2588,suffer,sofrer,""
2589,sufficient,suficiente,""
2590,sugar,"açúcar",""
2591,suggest,sugerir,""
2592,suggestion,"sugestão",""
2593,suicide,"suicídio",""
2594,suit,segue,""
2595,summer,"verão",""
2596,summit,cimeira,""
2597,sun,sol,""
2598,super,super,""
2599,supply,fornecimento,""
2600,support,apoio,""
2601,supporter,apoiante,""
2602,suppose,supor,""
2603,supposed,suposto,""
2604,Supreme,Supremo,""
2605,sure,certo,""
2606,surely,seguramente,""
2607,surface,"superfície",""
2608,surgery,cirurgia,""
2609,surprise,surpresa,""
2610,surprised,surpreendido,""
2611,surprising,surpreendente,"/səˈpɹaɪzɪŋ/"
2612,surprisingly,surpreendentemente,"pronunciation not found"
2613,surround,envolvente,"/səˈɹaʊnd/"
2614,survey,"inquérito","pronunciation not found"
2615,survival,"sobrevivência","/sɚˈvaɪvəl/"
2616,survive,sobreviver,"/səˈvʌɪv/"
2617,survivor,sobrevivente,"/sɚˈvaɪvɚ/"
2618,suspect,suspeito,"/ˈsʌs.pɛkt/"
2619,sustain,sustentar,"/səˈsteɪn/"
2620,swear,jurar,"/swɛə/"
2621,sweep,varrer,"/swiːp/"
2622,sweet,doce,"/swiːt/"
2623,swim,nadar,"/swɪm/"
2624,swing,"baloiço","/ˈswɪŋ/"
2625,switch,interrutor,"/swɪtʃ/"
2626,symbol,"símbolo","/ˈsɪmbəl/"
2627,symptom,sintoma,"/ˈsɪm(p)təm/"
2628,system,sistema,"/ˈsɪstəm/"
2629,table,tabela,"/ˈteɪbəl/"
2630,tablespoon,"colher de sopa","/ˈteɪbəlˌspuːn/"
2631,tactic,"tática","/ˈtæktɪk/"
2632,tail,cauda,"/teɪl/"
2633,take,tomar,"/teɪk/"
2634,tale,tal,"/ˈteɪl/"
2635,talent,talento,"/ˈtalənt/"
2636,talk,conversa,""
2637,tall,alto,""
2638,tank,tanque,""
2639,tap,toque,"/tæp/"
2640,tape,fita,""
2641,target,objetivo,""
2642,task,tarefa,""
2643,taste,gosto,""
2644,tax,fiscal,""
2645,taxpayer,contribuinte,""
2646,tea,"chá",""
2647,teach,ensinar,""
2648,teacher,professor,""
2649,teaching,ensino,""
2650,team,equipa,""
2651,tear,rasgar,""
2652,teaspoon,"colher de chá",""
2653,technical,"técnico",""
2654,technique,"técnica",""
2655,technology,tecnologia,""
2656,teen,adolescente,""
2657,teenager,adolescente,""
2658,telephone,telefone,""
2659,telescope,"telescópio",""
2660,television,"televisão",""
2661,tell,contar,""
2662,temperature,temperatura,""
2663,temporary,"temporário",""
2664,ten,dez,""
2665,tend,tender,""
2666,tendency,"tendência",""
2667,tennis,"ténis",""
2668,tension,"tensão",""
2669,tent,tenda,""
2670,term,prazo,""
2671,terms,termos,""
2672,terrible,"terrível",""
2673,territory,"território",""
2674,terror,terror,""
2675,terrorism,terrorismo,""
2676,terrorist,terrorista,""
2677,test,teste,""
2678,testify,testemunhar,""
2679,testimony,testemunho,""
2680,testing,teste,""
2681,text,texto,""
2682,than,"do que",""
2683,thank,agradecer,""
2684,thanks,agradecimentos,""
2685,that,que,""
2686,the,a,""
2687,theater,teatro,""
2688,their,seus,""
2689,them,eles,""
2690,theme,tema,""
2691,themselves,"eles próprios",""
2692,then,depois,""
2693,theory,teoria,""
2694,therapy,terapia,""
2695,there,"lá",""
2696,therefore,portanto,""
2697,these,estes,""
2698,they,eles,""
2699,thick,grosso,""
2700,thin,fino,""
2701,thing,coisa,""
2702,think,pensar,""
2703,thinking,pensamento,""
2704,third,terceiro,""
2705,thirty,trinta,""
2706,this,este,""
2707,those,aqueles,""
2708,though,embora,""
2709,thought,pensamento,""
2710,thousand,mil,""
2711,threat,"ameaça",""
2712,threaten,"ameaçar",""
2713,three,"três",""
2714,throat,garganta,""
2715,through,"através de",""
2716,throughout,"em todo",""
2717,throw,"lançamento",""
2718,thus,assim,""
2719,ticket,bilhete,""
2720,tie,empate,""
2721,tight,apertado,""
2722,time,tempo,""
2723,tiny,"minúsculo",""
2724,tip,ponta,""
2725,tire,pneu,""
2726,tired,cansado,""
2727,tissue,tecido,""
2728,title,"título",""
2729,to,para,""
2730,tobacco,tabaco,""
2731,today,hoje,""
2732,toe,"dedo do pé",""
2733,together,juntos,""
2734,tomato,tomate,""
2735,tomorrow,"amanhã",""
2736,tone,tom,""
2737,tongue,"língua",""
2738,tonight,"esta noite",""
2739,too,"também",""
2740,tool,ferramenta,""
2741,tooth,dente,""
2742,top,topo,""
2743,topic,tema,""
2744,toss,arremesso,""
2745,total,total,""
2746,totally,totalmente,""
2747,touch,toque,""
2748,tough,duro,""
2749,tour,torre,""
2750,tourist,"turística",""
2751,tournament,torneio,""
2752,toward,"em direção a",""
2753,towards,"em direção a",""
2754,tower,torre,""
2755,town,cidade,""
2756,toy,brinquedo,""
2757,trace,"traço",""
2758,track,pista,""
2759,trade,"comércio",""
2760,tradition,"tradição",""
2761,traditional,tradicional,""
2762,traffic,"tráfego",""
2763,tragedy,"tragédia",""
2764,trail,rasto,""
2765,train,comboio,""
2766,training,"formação",""
2767,transfer,"transferência",""
2768,transform,transformar,""
2769,transformation,"transformação",""
2770,transition,"transição",""
2771,translate,traduzir,""
2772,transportation,transporte,""
2773,travel,viajar,""
2774,treat,tratar,""
2775,treatment,tratamento,""
2776,treaty,tratado,""
2777,tree,"árvore",""
2778,tremendous,tremendo,""
2779,trend,"tendência",""
2780,trial,ensaio,""
2781,tribe,tribo,""
2782,trick,truque,""
2783,trip,viagem,""
2784,troop,tropa,""
2785,trouble,desordem,""
2786,truck,"camião",""
2787,true,verdadeiro,""
2788,truly,verdadeiramente,""
2789,trust,"confiança",""
2790,truth,verdade,""
2791,try,tentar,""
2792,tube,tubo,""
2793,tunnel,"túnel",""
2794,turn,volta,""
2795,TV,TV,""
2796,twelve,doze,""
2797,twenty,vinte,""
2798,twice,"duas vezes",""
2799,twin,"gémeo",""
2800,two,dois,""
2801,type,tipo,"/taɪp/"
2802,typical,"típico","/ˈtɪpɪkl̩/"
2803,typically,tipicamente,"/ˈtɪp.ɪ.kl.i/"
2804,ugly,feio,"/ˈʌɡli/"
2805,ultimate,definitivo,"/ˈʌltɪmɪt/"
2806,ultimately,"em última análise","/ˈʌltɪmətli/"
2807,unable,incapaz,"/ʌnˈeɪbəl/"
2808,uncle,tio,"/ˈʌŋ.kəl/"
2809,under,sob,"/ˈʊndə/"
2810,undergo,submeter-se,""
2811,understand,compreender,""
2812,understanding,"compreensão",""
2813,unfortunately,infelizmente,""
2814,uniform,uniforme,""
2815,union,"união",""
2816,unique,"único",""
2817,unit,unidade,""
2818,United,Unidos,""
2819,universal,universal,""
2820,universe,universo,""
2821,university,universidade,""
2822,unknown,desconhecido,""
2823,unless,"a menos que",""
2824,unlike,diferente,""
2825,unlikely,"improvável",""
2826,until,"até",""
2827,unusual,invulgar,""
2828,up,"para cima",""
2829,upon,sobre,""
2830,upper,superior,""
2831,urban,urbano,""
2832,urge,"urgência",""
2833,us,"nós",""
2834,use,"utilização",""
2835,used,utilizado,""
2836,useful,"útil",""
2837,user,utilizador,""
2838,usual,habitual,""
2839,usually,normalmente,""
2840,utility,utilidade,""
2841,vacation,"férias",""
2842,valley,vale,""
2843,valuable,valioso,""
2844,value,valor,""
2845,variable,"variável",""
2846,variation,"variação",""
2847,variety,variedade,""
2848,various,diversos,""
2849,vary,variar,""
2850,vast,"responder a",""
2851,vegetable,vegetal,""
2852,vehicle,"veículo",""
2853,venture,empreendimento,""
2854,version,"versão",""
2855,versus,versus,""
2856,very,muito,""
2857,vessel,navio,""
2858,veteran,veterano,""
2859,via,via,""
2860,victim,"vítima",""
2861,victory,"vitória",""
2862,video,"vídeo",""
2863,view,ver,""
2864,viewer,espetador,""
2865,village,aldeia,""
2866,violate,violar,""
2867,violation,"violação",""
2868,violence,"violência",""
2869,violent,violento,""
2870,virtually,virtualmente,""
2871,virtue,virtude,""
2872,virus,"vírus",""
2873,visible,"visível",""
2874,vision,"visão",""
2875,visit,visita,""
2876,visitor,visitante,""
2877,visual,visual,""
2878,vital,vital,""
2879,voice,voz,""
2880,volume,volume,""
2881,volunteer,"voluntário",""
2882,vote,"votação",""
2883,voter,eleitor,""
2884,vs,vs,""
2885,vulnerable,"vulnerável",""
2886,wage,"salário",""
2887,wait,esperar,""
2888,wake,acordar,""
2889,walk,andar,""
2890,wall,parede,""
2891,wander,vaguear,""
2892,want,porque,""
2893,war,guerra,""
2894,warm,quente,""
2895,warn,avisar,""
2896,warning,aviso,""
2897,wash,lavagem,""
2898,waste,"resíduos",""
2899,watch,assistir,""
2900,water,"água",""
2901,wave,onda,""
2902,way,forma,""
2903,we,"nós",""
2904,weak,fraco,""
2905,wealth,riqueza,""
2906,wealthy,rico,""
2907,weapon,arma,""
2908,wear,desgaste,""
2909,weather,clima,""
2910,wedding,casamento,""
2911,week,semana,""
2912,weekend,"fim de semana",""
2913,weekly,semanal,""
2914,weigh,pesar,""
2915,weight,peso,""
2916,welcome,bem-vindo,""
2917,welfare,bem-estar,""
2918,well,bem,""
2919,west,oeste,""
2920,western,ocidental,""
2921,wet,"húmido",""
2922,what,"o que",""
2923,whatever,"qualquer que seja",""
2924,wheel,roda,""
2925,when,quando,""
2926,whenever,"sempre que",""
2927,where,onde,""
2928,whereas,"Considerando que",""
2929,whether,se,""
2930,which,que,""
2931,while,enquanto,""
2932,whisper,sussurro,""
2933,white,branco,""
2934,who,que,""
2935,whole,todo,""
2936,whom,que,""
2937,whose,cujo,""
2938,why,"porquê",""
2939,wide,largo,""
2940,widely,amplamente,""
2941,widespread,generalizada,""
2942,wife,esposa,""
2943,wild,selvagem,""
2944,will,vontade,""
2945,willing,disposto,""
2946,win,ganhar,""
2947,wind,vento,""
2948,window,janela,""
2949,wine,vinho,""
2950,wing,asa,""
2951,winner,vencedor,""
2952,winter,inverno,""
2953,wipe,limpar,""
2954,wire,fio,""
2955,wisdom,sabedoria,""
2956,wise,"sábio",""
2957,wish,desejo,""
2958,with,com,""
2959,withdraw,retirar,""
2960,within,"dentro de",""
2961,without,sem,"/wɪθˈʌʊt/"
2962,witness,testemunha,"/ˈwɪtnəs/"
2963,woman,mulher,"/ˈwʊmɘn/"
2964,wonder,milagre,"/ˈwʌndə/"
2965,wonderful,maravilhoso,"/ˈwʌn.də.fl/"
2966,wood,madeira,"/wʊd/"
2967,wooden,"de madeira","/ˈwʊdən/"
2968,word,tornar-se,"/wɜːd/"
2969,work,trabalho,"/wɜːk/"
2970,worker,trabalhador,"/ˈwɜː.kə/"
2971,working,"de trabalho","/ˈwɜːkɪŋ/"
2972,works,obras,"/wɜːks/"
2973,workshop,oficina,"/ˈwɜːk.ʃɒp/"
2974,world,mundo,"/wɝld/"
2975,worried,preocupado,"/ˈwʌɹid/"
2976,worry,"preocupação","/ˈwɒɹi/"
2977,worth,valor,"/wɜːθ/"
2978,would,seria,"/wʊd/"
2979,wound,ferida,"/wuːnd/"
2980,wrap,"invólucro","/ɹæp/"
2981,write,escrever,"/ɹaɪt/"
2982,writer,escritor,"/ˈɹaɪ.tə/"
2983,writing,escrita,""
2984,wrong,errado,""
2985,yard,quintal,""
2986,yeah,sim,""
2987,year,ano,""
2988,yell,gritar,""
2989,yellow,amarelo,""
2990,yes,sim,""
2991,yesterday,ontem,""
2992,yet,ainda,""
2993,yield,rendimento,""
2994,you,tu,""
2995,young,jovem,""
2996,your,seu,""
2997,yours,seu,""
2998,yourself,"você mesmo",""
2999,youth,juventude,""
3000,zone,zona,""
